"","x"
"1","FJS_001"
"2","FJS_002"
"3","FJS_003"
"4","FJS_004"
"5","FJS_005"
"6","FJS_006"
"7","FJS_007"
"8","FJS_008"
"9","FJS_009"
"10","FJS_010"
"11","FJS_011"
"12","FJS_012"
"13","FJS_013"
"14","FJS_014"
"15","FJS_015"
"16","FJS_016"
"17","FJS_017"
"18","FJS_018"
"19","FJS_019"
"20","FJS_020"
"21","FLS_001"
"22","FLS_002"
"23","FLS_003"
"24","FLS_004"
"25","FLS_005"
"26","FLS_006"
"27","FLS_007"
"28","FLS_008"
"29","FLS_009"
"30","FLS_010"
"31","FLS_012"
"32","FLS_013"
"33","FLS_014"
"34","FLS_015"
"35","FLS_016"
"36","FLS_017"
"37","FLS_018"
"38","FLS_019"
"39","FLT_001"
"40","FLT_002"
"41","FLT_003"
"42","FLT_004"
"43","FLT_005"
"44","FLT_006"
"45","FLT_007"
"46","FLT_008"
"47","FLT_009"
"48","FLT_010"
"49","FLT_011"
"50","FLT_012"
"51","FLT_013"
"52","FLT_014"
"53","FLT_015"
"54","FLT_016"
"55","FLT_017"
"56","FLT_018"
"57","FLT_019"
"58","FLT_020"
"59","HWW_071"
"60","HWW_072"
"61","HWW_073"
"62","HWW_074"
"63","HWW_075"
"64","HWW_076"
"65","HWW_077"
"66","HWW_078"
"67","HWW_079"
"68","HWW_710"
"69","HWW_711"
"70","HWW_712"
"71","HWW_713"
"72","HWW_714"
"73","HWW_715"
"74","HWW_716"
"75","HWW_717"
"76","HWW_719"
"77","NCC_001"
"78","NCC_002"
"79","NCC_003"
"80","NCC_004"
"81","NCC_005"
"82","NCC_006"
"83","NCC_007"
"84","NCC_008"
"85","NCC_009"
"86","NCC_010"
"87","NCC_012"
"88","NCC_015"
"89","NCC_017"
"90","NCC_018"
"91","NHH_001"
"92","NHH_002"
"93","NHH_003"
"94","NHH_004"
"95","NHH_005"
"96","NHH_006"
"97","NHH_007"
"98","NHH_008"
"99","NHH_009"
"100","NHH_010"
"101","NHH_011"
"102","NHH_012"
"103","NHH_013"
"104","NHH_014"
"105","NHH_015"
"106","NHH_016"
"107","NHH_017"
"108","NHH_018"
"109","NHH_019"
"110","NHH_020"
"111","RIS_001"
"112","RIS_002"
"113","RIS_003"
"114","RIS_004"
"115","RIS_005"
"116","RIS_006"
"117","RIS_007"
"118","RIS_008"
"119","RIS_009"
"120","RIS_010"
"121","RIS_011"
"122","RIS_012"
"123","RIS_013"
"124","RIS_014"
"125","RIS_015"
"126","RIS_016"
"127","RIS_017"
"128","RIS_018"
"129","RIS_021"
"130","RIT_001"
"131","RIT_002"
"132","RIT_003"
"133","RIT_004"
"134","RIT_005"
"135","RIT_006"
"136","RIT_007"
"137","RIT_011"
"138","RIT_013"
"139","RIT_014"
"140","RIT_015"
"141","RIT_016"
"142","RIT_017"
"143","RIT_018"
"144","RIT_019"
"145","RIT_022"
"146","RIT_023"
"147","SBI_001"
"148","SBI_002"
"149","SBI_005"
"150","SBI_006"
"151","SBI_007"
"152","SBI_010"
"153","SBI_011"
"154","SBI_012"
"155","SBI_013"
"156","SBI_014"
"157","SBI_015"
"158","SBI_016"
"159","SBI_019"
"160","SBI_022"
"161","SBI_023"
"162","SBI_024"
"163","SBI_025"
"164","SCT_001"
"165","SCT_003"
"166","SCT_004"
"167","SCT_005"
"168","SCT_006"
"169","SCT_010"
"170","SCT_012"
"171","SCT_013"
"172","SCT_016"
"173","SCT_020"
"174","SCT_021"
"175","SCT_301"
"176","SCT_302"
"177","SCT_303"
"178","SCT_304"
"179","SCT_305"
"180","SCT_306"
"181","SCT_307"
"182","SCT_308"
"183","SCT_309"
"184","SCT_311"
"185","SFB_001"
"186","SFB_002"
"187","SFB_004"
"188","SFB_005"
"189","SFB_006"
"190","SFB_008"
"191","SFB_009"
"192","SFB_011"
"193","SFB_012"
"194","SFB_015"
"195","SFB_016"
"196","SFB_019"
"197","SFB_021"
"198","SFB_023"
"199","SFB_024"
"200","SFB_025"
"201","SWS_001"
"202","SWS_002"
"203","SWS_003"
"204","SWS_004"
"205","SWS_005"
"206","SWS_006"
"207","SWS_007"
"208","SWS_008"
"209","SWS_009"
"210","SWS_010"
"211","SWS_011"
"212","SWS_012"
"213","SWS_013"
"214","SWS_014"
"215","SWS_015"
"216","SWS_016"
"217","SWS_017"
"218","SWS_018"
"219","SWS_019"
"220","SWS_020"
"221","SWT_001"
"222","SWT_002"
"223","SWT_003"
"224","SWT_004"
"225","SWT_005"
"226","SWT_006"
"227","SWT_007"
"228","SWT_008"
"229","SWT_009"
"230","SWT_010"
"231","SWT_011"
"232","SWT_012"
"233","SWT_013"
"234","SWT_014"
"235","SWT_015"
"236","SWT_016"
"237","SWT_017"
"238","SWT_018"
"239","SWT_019"
"240","SWT_020"
"241","TBI_001"
"242","TBI_004"
"243","TBI_005"
"244","TBI_006"
"245","TBI_007"
"246","TBI_008"
"247","TBI_009"
"248","TBI_012"
"249","TBI_013"
"250","TBI_015"
"251","TBI_016"
"252","TBI_017"
"253","TBI_018"
"254","TBI_020"
"255","TBI_022"
"256","TBI_023"
"257","TBI_025"
"258","TFB_001"
"259","TFB_002"
"260","TFB_003"
"261","TFB_004"
"262","TFB_005"
"263","TFB_007"
"264","TFB_010"
"265","TFB_012"
"266","TFB_013"
"267","TFB_014"
"268","TFB_016"
"269","TFB_017"
"270","TFB_025"
"271","WES_001"
"272","WES_002"
"273","WES_003"
"274","WES_004"
"275","WES_005"
"276","WES_006"
"277","WES_007"
"278","WES_008"
"279","WES_009"
"280","WES_010"
"281","WES_011"
"282","WES_012"
"283","WES_013"
"284","WES_014"
"285","WES_015"
"286","WES_016"
"287","WES_017"
"288","WES_018"
"289","WES_019"
"290","WES_020"
"291","WET_002"
"292","WET_003"
"293","WET_004"
"294","WET_005"
"295","WET_006"
"296","WET_007"
"297","WET_008"
"298","WET_009"
"299","WET_010"
"300","WET_011"
"301","WET_012"
"302","WET_013"
"303","WET_014"
"304","WET_015"
"305","WET_016"
"306","WET_017"
"307","WET_018"
"308","WET_019"
"309","WET_020"
