,x
1,FJS_001
2,FJS_002
3,FJS_003
4,FJS_004
5,FJS_005
6,FJS_006
7,FJS_007
8,FJS_008
9,FJS_009
10,FJS_010
11,FJS_011
12,FJS_012
13,FJS_013
14,FJS_014
15,FJS_015
16,FJS_016
17,FJS_017
18,FJS_018
19,FJS_019
20,FJS_020
21,FLS_001
22,FLS_002
23,FLS_003
24,FLS_004
25,FLS_005
26,FLS_006
27,FLS_007
28,FLS_008
29,FLS_009
30,FLS_010
31,FLS_011
32,FLS_012
33,FLS_013
34,FLS_014
35,FLS_015
36,FLS_016
37,FLS_017
38,FLS_018
39,FLS_019
40,FLS_020
41,FLT_001
42,FLT_002
43,FLT_003
44,FLT_004
45,FLT_005
46,FLT_006
47,FLT_007
48,FLT_008
49,FLT_009
50,FLT_010
51,FLT_011
52,FLT_012
53,FLT_013
54,FLT_014
55,FLT_015
56,FLT_016
57,FLT_017
58,FLT_018
59,FLT_019
60,FLT_020
61,HWW_071
62,HWW_072
63,HWW_073
64,HWW_074
65,HWW_075
66,HWW_076
67,HWW_077
68,HWW_078
69,HWW_079
70,HWW_710
71,HWW_711
72,HWW_712
73,HWW_713
74,HWW_714
75,HWW_715
76,HWW_716
77,HWW_717
78,HWW_718
79,HWW_719
80,NCC_001
81,NCC_002
82,NCC_003
83,NCC_004
84,NCC_005
85,NCC_006
86,NCC_007
87,NCC_008
88,NCC_009
89,NCC_010
90,NCC_011
91,NCC_012
92,NCC_013
93,NCC_014
94,NCC_015
95,NCC_016
96,NCC_017
97,NCC_018
98,NCC_019
99,NCC_020
100,NHH_001
101,NHH_002
102,NHH_003
103,NHH_004
104,NHH_005
105,NHH_006
106,NHH_007
107,NHH_008
108,NHH_009
109,NHH_010
110,NHH_011
111,NHH_012
112,NHH_013
113,NHH_014
114,NHH_015
115,NHH_016
116,NHH_017
117,NHH_018
118,NHH_019
119,NHH_020
120,RIS_001
121,RIS_002
122,RIS_003
123,RIS_004
124,RIS_005
125,RIS_006
126,RIS_007
127,RIS_008
128,RIS_009
129,RIS_010
130,RIS_011
131,RIS_012
132,RIS_013
133,RIS_014
134,RIS_015
135,RIS_016
136,RIS_017
137,RIS_018
138,RIS_019
139,RIS_021
140,RIT_001
141,RIT_002
142,RIT_003
143,RIT_004
144,RIT_005
145,RIT_006
146,RIT_007
147,RIT_011
148,RIT_012
149,RIT_013
150,RIT_014
151,RIT_015
152,RIT_016
153,RIT_017
154,RIT_018
155,RIT_019
156,RIT_020
157,RIT_021
158,RIT_022
159,RIT_023
160,SBI_001
161,SBI_002
162,SBI_005
163,SBI_006
164,SBI_007
165,SBI_010
166,SBI_011
167,SBI_012
168,SBI_013
169,SBI_014
170,SBI_015
171,SBI_016
172,SBI_019
173,SBI_022
174,SBI_023
175,SBI_024
176,SBI_025
177,SCT_001
178,SCT_003
179,SCT_004
180,SCT_005
181,SCT_006
182,SCT_010
183,SCT_012
184,SCT_013
185,SCT_016
186,SCT_020
187,SCT_021
188,SCT_301
189,SCT_302
190,SCT_303
191,SCT_304
192,SCT_305
193,SCT_306
194,SCT_307
195,SCT_308
196,SCT_309
197,SCT_310
198,SCT_311
199,SFB_001
200,SFB_002
201,SFB_004
202,SFB_005
203,SFB_006
204,SFB_008
205,SFB_009
206,SFB_011
207,SFB_012
208,SFB_014
209,SFB_015
210,SFB_016
211,SFB_019
212,SFB_021
213,SFB_023
214,SFB_024
215,SFB_025
216,SWS_001
217,SWS_002
218,SWS_003
219,SWS_004
220,SWS_005
221,SWS_006
222,SWS_007
223,SWS_008
224,SWS_009
225,SWS_010
226,SWS_011
227,SWS_012
228,SWS_013
229,SWS_014
230,SWS_015
231,SWS_016
232,SWS_017
233,SWS_018
234,SWS_019
235,SWS_020
236,SWT_001
237,SWT_002
238,SWT_003
239,SWT_004
240,SWT_005
241,SWT_006
242,SWT_007
243,SWT_008
244,SWT_009
245,SWT_010
246,SWT_011
247,SWT_012
248,SWT_013
249,SWT_014
250,SWT_015
251,SWT_016
252,SWT_017
253,SWT_018
254,SWT_019
255,SWT_020
256,TBI_001
257,TBI_004
258,TBI_005
259,TBI_006
260,TBI_007
261,TBI_008
262,TBI_009
263,TBI_012
264,TBI_013
265,TBI_015
266,TBI_016
267,TBI_017
268,TBI_018
269,TBI_020
270,TBI_022
271,TBI_023
272,TBI_025
273,TFB_001
274,TFB_002
275,TFB_003
276,TFB_004
277,TFB_005
278,TFB_007
279,TFB_010
280,TFB_012
281,TFB_013
282,TFB_014
283,TFB_016
284,TFB_017
285,TFB_025
286,WES_001
287,WES_002
288,WES_003
289,WES_004
290,WES_005
291,WES_006
292,WES_007
293,WES_008
294,WES_009
295,WES_010
296,WES_011
297,WES_012
298,WES_013
299,WES_014
300,WES_015
301,WES_016
302,WES_017
303,WES_018
304,WES_019
305,WES_020
306,WET_002
307,WET_003
308,WET_004
309,WET_005
310,WET_006
311,WET_007
312,WET_008
313,WET_009
314,WET_010
315,WET_011
316,WET_012
317,WET_013
318,WET_014
319,WET_015
320,WET_016
321,WET_017
322,WET_018
323,WET_019
324,WET_020